0,180,130,109,100,94,87,79,68
0.00133466800133467,180,130,109,100,94,87,79,68
0.00266933600266934,179,130,109,100,94,87,79,69
0.004004004004004,179,130,109,100,94,88,79,69
0.00533867200533867,178,131,110,100,94,88,79,69
0.00667334000667334,178,131,110,101,94,88,79,69
0.00800800800800801,177,131,110,101,95,88,80,69
0.00934267600934268,177,131,110,101,95,88,80,69
0.0106773440106773,177,131,110,101,95,88,80,70
0.012012012012012,176,131,110,101,95,89,80,70
0.0133466800133467,176,131,110,101,95,89,80,70
0.0146813480146813,175,131,110,101,95,89,80,70
0.016016016016016,175,131,110,101,95,89,81,70
0.0173506840173507,174,132,111,102,96,89,81,71
0.0186853520186854,174,132,111,102,96,89,81,71
0.02002002002002,174,132,111,102,96,89,81,71
0.0213546880213547,173,132,111,102,96,90,81,71
0.0226893560226894,173,132,111,102,96,90,82,71
0.024024024024024,172,132,111,102,96,90,82,71
0.0253586920253587,172,132,111,102,96,90,82,72
0.0266933600266934,171,132,111,102,96,90,82,72
0.028028028028028,171,132,111,102,97,90,82,72
0.0293626960293627,171,132,112,103,97,91,82,72
0.0306973640306974,170,133,112,103,97,91,83,72
0.032032032032032,170,133,112,103,97,91,83,73
0.0333667000333667,169,133,112,103,97,91,83,73
0.0347013680347014,169,133,112,103,97,91,83,73
0.036036036036036,168,133,112,103,97,91,83,73
0.0373707040373707,168,133,112,103,97,92,84,73
0.0387053720387054,168,133,112,103,98,92,84,74
0.04004004004004,167,133,112,103,98,92,84,74
0.0413747080413747,167,133,112,104,98,92,84,74
0.0427093760427094,166,133,112,104,98,92,84,74
0.044044044044044,166,133,113,104,98,92,84,74
0.0453787120453787,165,133,113,104,98,93,85,75
0.0467133800467134,165,133,113,104,98,93,85,75
0.048048048048048,165,133,113,104,99,93,85,75
0.0493827160493827,164,133,113,104,99,93,85,75
0.0507173840507174,164,133,113,104,99,93,85,75
0.0520520520520521,163,133,113,104,99,93,86,76
0.0533867200533867,163,133,113,105,99,93,86,76
0.0547213880547214,162,133,113,105,99,94,86,76
0.0560560560560561,162,133,113,105,99,94,86,76
0.0573907240573907,162,133,113,105,99,94,86,76
0.0587253920587254,161,134,113,105,100,94,87,77
0.0600600600600601,161,134,114,105,100,94,87,77
0.0613947280613947,160,134,114,105,100,94,87,77
0.0627293960627294,160,134,114,105,100,95,87,77
0.0640640640640641,159,134,114,105,100,95,87,77
0.0653987320653987,159,134,114,105,100,95,87,78
0.0667334000667334,159,134,114,105,100,95,88,78
0.0680680680680681,158,134,114,106,100,95,88,78
0.0694027360694027,158,134,114,106,100,95,88,78
0.0707374040707374,157,134,114,106,101,96,88,79
0.0720720720720721,157,134,114,106,101,96,88,79
0.0734067400734067,156,133,114,106,101,96,89,79
0.0747414080747414,156,133,114,106,101,96,89,79
0.0760760760760761,156,133,114,106,101,96,89,79
0.0774107440774107,155,133,114,106,101,96,89,80
0.0787454120787454,155,133,114,106,101,96,89,80
0.0800800800800801,154,133,114,106,101,97,90,80
0.0814147480814147,154,133,114,106,102,97,90,80
0.0827494160827494,153,133,115,107,102,97,90,80
0.0840840840840841,153,133,115,107,102,97,90,81
0.0854187520854187,153,133,115,107,102,97,90,81
0.0867534200867534,152,133,115,107,102,97,91,81
0.0880880880880881,152,133,115,107,102,98,91,81
0.0894227560894228,151,133,115,107,102,98,91,82
0.0907574240907574,151,133,115,107,102,98,91,82
0.0920920920920921,150,133,115,107,102,98,91,82
0.0934267600934268,150,133,115,107,103,98,91,82
0.0947614280947614,150,133,115,107,103,98,92,82
0.0960960960960961,149,133,115,107,103,98,92,83
0.0974307640974308,149,133,115,107,103,99,92,83
0.0987654320987654,148,133,115,107,103,99,92,83
0.1001001001001,148,133,115,107,103,99,92,83
0.101434768101435,147,132,115,108,103,99,93,84
0.102769436102769,147,132,115,108,103,99,93,84
0.104104104104104,147,132,115,108,103,99,93,84
0.105438772105439,146,132,115,108,103,99,93,84
0.106773440106773,146,132,115,108,104,100,93,84
0.108108108108108,145,132,115,108,104,100,94,85
0.109442776109443,145,132,115,108,104,100,94,85
0.110777444110777,144,132,115,108,104,100,94,85
0.112112112112112,144,132,115,108,104,100,94,85
0.113446780113447,144,132,115,108,104,100,94,86
0.114781448114781,143,132,115,108,104,100,94,86
0.116116116116116,143,131,115,108,104,101,95,86
0.117450784117451,142,131,115,108,104,101,95,86
0.118785452118785,142,131,115,108,104,101,95,86
0.12012012012012,141,131,115,108,105,101,95,87
0.121454788121455,141,131,115,108,105,101,95,87
0.122789456122789,141,131,115,109,105,101,96,87
0.124124124124124,140,131,115,109,105,101,96,87
0.125458792125459,140,131,115,109,105,102,96,88
0.126793460126793,139,130,115,109,105,102,96,88
0.128128128128128,139,130,115,109,105,102,96,88
0.129462796129463,138,130,115,109,105,102,97,88
0.130797464130797,138,130,115,109,105,102,97,88
0.132132132132132,138,130,115,109,105,102,97,89
0.133466800133467,137,130,115,109,105,102,97,89
0.134801468134801,137,130,115,109,106,103,97,89
0.136136136136136,136,129,115,109,106,103,97,89
0.137470804137471,136,129,115,109,106,103,98,90
0.138805472138805,135,129,115,109,106,103,98,90
0.14014014014014,135,129,115,109,106,103,98,90
0.141474808141475,135,129,115,109,106,103,98,90
0.142809476142809,134,129,115,109,106,103,98,90
0.144144144144144,134,129,115,109,106,103,99,91
0.145478812145479,133,128,115,109,106,104,99,91
0.146813480146813,133,128,115,109,106,104,99,91
0.148148148148148,132,128,115,109,106,104,99,91
0.149482816149483,132,128,115,109,106,104,99,92
0.150817484150817,132,128,115,109,106,104,99,92
0.152152152152152,131,128,115,109,107,104,100,92
0.153486820153487,131,127,115,109,107,104,100,92
0.154821488154821,130,127,115,109,107,104,100,92
0.156156156156156,130,127,115,109,107,105,100,93
0.157490824157491,129,127,115,109,107,105,100,93
0.158825492158825,129,127,115,110,107,105,101,93
0.16016016016016,129,126,115,110,107,105,101,93
0.161494828161495,128,126,115,110,107,105,101,94
0.162829496162829,128,126,115,110,107,105,101,94
0.164164164164164,127,126,115,110,107,105,101,94
0.165498832165499,127,126,115,110,107,105,101,94
0.166833500166833,126,126,114,110,107,106,102,95
0.168168168168168,126,125,114,110,107,106,102,95
0.169502836169503,126,125,114,110,107,106,102,95
0.170837504170837,125,125,114,110,107,106,102,95
0.172172172172172,125,125,114,110,108,106,102,95
0.173506840173507,124,125,114,110,108,106,102,96
0.174841508174842,124,124,114,110,108,106,103,96
0.176176176176176,123,124,114,110,108,106,103,96
0.177510844177511,123,124,114,110,108,106,103,96
0.178845512178846,123,124,114,110,108,107,103,97
0.18018018018018,122,123,114,110,108,107,103,97
0.181514848181515,122,123,114,110,108,107,103,97
0.18284951618285,121,123,114,110,108,107,104,97
0.184184184184184,121,123,114,110,108,107,104,97
0.185518852185519,120,123,114,110,108,107,104,98
0.186853520186854,120,122,114,110,108,107,104,98
0.188188188188188,120,122,114,110,108,107,104,98
0.189522856189523,119,122,113,110,108,107,104,98
0.190857524190858,119,122,113,110,108,108,105,98
0.192192192192192,118,121,113,110,108,108,105,99
0.193526860193527,118,121,113,110,108,108,105,99
0.194861528194862,117,121,113,110,108,108,105,99
0.196196196196196,117,121,113,110,108,108,105,99
0.197530864197531,117,121,113,110,108,108,105,100
0.198865532198866,116,120,113,110,109,108,106,100
0.2002002002002,116,120,113,110,109,108,106,100
0.201534868201535,115,120,113,110,109,108,106,100
0.20286953620287,115,120,113,110,109,108,106,100
0.204204204204204,114,119,113,110,109,108,106,101
0.205538872205539,114,119,113,110,109,109,106,101
0.206873540206874,114,119,112,110,109,109,106,101
0.208208208208208,113,119,112,110,109,109,107,101
0.209542876209543,113,118,112,110,109,109,107,102
0.210877544210878,112,118,112,109,109,109,107,102
0.212212212212212,112,118,112,109,109,109,107,102
0.213546880213547,111,118,112,109,109,109,107,102
0.214881548214882,111,117,112,109,109,109,107,102
0.216216216216216,111,117,112,109,109,109,108,103
0.217550884217551,110,117,112,109,109,109,108,103
0.218885552218886,110,117,112,109,109,109,108,103
0.22022022022022,109,116,111,109,109,109,108,103
0.221554888221555,109,116,111,109,109,110,108,103
0.22288955622289,108,116,111,109,109,110,108,104
0.224224224224224,108,116,111,109,109,110,108,104
0.225558892225559,107,115,111,109,109,110,109,104
0.226893560226894,107,115,111,109,109,110,109,104
0.228228228228228,107,115,111,109,109,110,109,104
0.229562896229563,106,115,111,109,109,110,109,105
0.230897564230898,106,114,111,109,109,110,109,105
0.232232232232232,105,114,111,109,109,110,109,105
0.233566900233567,105,114,110,109,109,110,109,105
0.234901568234902,104,114,110,109,109,110,109,105
0.236236236236236,104,113,110,109,109,110,110,106
0.237570904237571,104,113,110,109,109,110,110,106
0.238905572238906,103,113,110,109,109,110,110,106
0.24024024024024,103,113,110,109,109,110,110,106
0.241574908241575,102,112,110,109,109,111,110,106
0.24290957624291,102,112,110,109,109,111,110,107
0.244244244244244,101,112,109,109,109,111,110,107
0.245578912245579,101,112,109,109,109,111,110,107
0.246913580246914,101,111,109,108,109,111,111,107
0.248248248248248,100,111,109,108,109,111,111,107
0.249582916249583,100,111,109,108,109,111,111,108
0.250917584250918,99,110,109,108,109,111,111,108
0.252252252252252,99,110,109,108,109,111,111,108
0.253586920253587,98,110,109,108,109,111,111,108
0.254921588254922,98,110,108,108,109,111,111,108
0.256256256256256,98,109,108,108,109,111,111,109
0.257590924257591,97,109,108,108,109,111,112,109
0.258925592258926,97,109,108,108,109,111,112,109
0.26026026026026,96,108,108,108,109,111,112,109
0.261594928261595,96,108,108,108,109,111,112,109
0.26292959626293,95,108,108,108,109,111,112,110
0.264264264264264,95,108,108,108,109,111,112,110
0.265598932265599,95,107,107,108,109,111,112,110
0.266933600266934,94,107,107,108,109,111,112,110
0.268268268268268,94,107,107,107,109,111,112,110
0.269602936269603,93,107,107,107,109,112,113,110
0.270937604270938,93,106,107,107,109,112,113,111
0.272272272272272,92,106,107,107,109,112,113,111
0.273606940273607,92,106,107,107,109,112,113,111
0.274941608274942,92,105,106,107,109,112,113,111
0.276276276276276,91,105,106,107,109,112,113,111
0.277610944277611,91,105,106,107,109,112,113,111
0.278945612278946,90,105,106,107,109,112,113,112
0.28028028028028,90,104,106,107,109,112,113,112
0.281614948281615,89,104,106,107,109,112,113,112
0.28294961628295,89,104,106,107,109,112,114,112
0.284284284284284,89,103,105,107,109,112,114,112
0.285618952285619,88,103,105,107,109,112,114,113
0.286953620286954,88,103,105,106,109,112,114,113
0.288288288288288,87,103,105,106,109,112,114,113
0.289622956289623,87,102,105,106,109,112,114,113
0.290957624290958,86,102,105,106,108,112,114,113
0.292292292292292,86,102,105,106,108,112,114,113
0.293626960293627,86,101,104,106,108,112,114,113
0.294961628294962,85,101,104,106,108,112,114,114
0.296296296296296,85,101,104,106,108,112,114,114
0.297630964297631,84,101,104,106,108,112,114,114
0.298965632298966,84,100,104,106,108,112,114,114
0.3003003003003,83,100,104,106,108,112,115,114
0.301634968301635,83,100,103,105,108,112,115,114
0.30296963630297,83,99,103,105,108,112,115,115
0.304304304304304,82,99,103,105,108,112,115,115
0.305638972305639,82,99,103,105,108,112,115,115
0.306973640306974,81,99,103,105,108,112,115,115
0.308308308308308,81,98,103,105,108,112,115,115
0.309642976309643,80,98,102,105,108,112,115,115
0.310977644310978,80,98,102,105,108,112,115,115
0.312312312312312,80,97,102,105,108,112,115,116
0.313646980313647,79,97,102,105,108,112,115,116
0.314981648314982,79,97,102,105,108,112,115,116
0.316316316316316,78,96,102,104,108,112,115,116
0.317650984317651,78,96,102,104,108,112,115,116
0.318985652318986,77,96,101,104,107,112,115,116
0.32032032032032,77,96,101,104,107,112,115,116
0.321654988321655,77,95,101,104,107,112,116,117
0.32298965632299,76,95,101,104,107,112,116,117
0.324324324324324,76,95,101,104,107,112,116,117
0.325658992325659,75,94,101,104,107,112,116,117
0.326993660326994,75,94,100,104,107,112,116,117
0.328328328328328,74,94,100,103,107,112,116,117
0.329662996329663,74,94,100,103,107,112,116,117
0.330997664330998,74,93,100,103,107,112,116,117
0.332332332332332,73,93,100,103,107,112,116,118
0.333667000333667,73,93,99,103,107,112,116,118
0.335001668335002,72,92,99,103,107,112,116,118
0.336336336336336,72,92,99,103,107,112,116,118
0.337671004337671,71,92,99,103,107,112,116,118
0.339005672339006,71,91,99,103,106,112,116,118
0.34034034034034,71,91,99,102,106,111,116,118
0.341675008341675,70,91,98,102,106,111,116,118
0.34300967634301,70,91,98,102,106,111,116,118
0.344344344344344,69,90,98,102,106,111,116,119
0.345679012345679,69,90,98,102,106,111,116,119
0.347013680347014,68,90,98,102,106,111,116,119
0.348348348348348,68,89,98,102,106,111,116,119
0.349683016349683,68,89,97,102,106,111,116,119
0.351017684351018,67,89,97,102,106,111,116,119
0.352352352352352,67,88,97,101,106,111,116,119
0.353687020353687,66,88,97,101,106,111,116,119
0.355021688355022,66,88,97,101,105,111,116,119
0.356356356356356,65,88,97,101,105,111,116,119
0.357691024357691,65,87,96,101,105,111,116,120
0.359025692359026,65,87,96,101,105,111,116,120
0.36036036036036,64,87,96,101,105,111,116,120
0.361695028361695,64,86,96,101,105,111,116,120
0.36302969636303,63,86,96,100,105,111,116,120
0.364364364364364,63,86,95,100,105,111,116,120
0.365699032365699,62,86,95,100,105,111,116,120
0.367033700367034,62,85,95,100,105,111,116,120
0.368368368368368,62,85,95,100,105,110,116,120
0.369703036369703,61,85,95,100,105,110,116,120
0.371037704371038,61,84,95,100,104,110,116,120
0.372372372372372,60,84,94,100,104,110,116,120
0.373707040373707,60,84,94,99,104,110,116,120
0.375041708375042,59,83,94,99,104,110,116,121
0.376376376376376,59,83,94,99,104,110,116,121
0.377711044377711,59,83,94,99,104,110,116,121
0.379045712379046,58,83,93,99,104,110,116,121
0.38038038038038,58,82,93,99,104,110,116,121
0.381715048381715,57,82,93,99,104,110,116,121
0.38304971638305,57,82,93,99,104,110,116,121
0.384384384384384,56,81,93,98,103,110,116,121
0.385719052385719,56,81,93,98,103,110,116,121
0.387053720387054,56,81,92,98,103,110,116,121
0.388388388388388,55,81,92,98,103,109,116,121
0.389723056389723,55,80,92,98,103,109,116,121
0.391057724391058,54,80,92,98,103,109,116,121
0.392392392392392,54,80,92,98,103,109,116,121
0.393727060393727,53,79,91,97,103,109,116,121
0.395061728395062,53,79,91,97,103,109,116,121
0.396396396396396,53,79,91,97,102,109,116,121
0.397731064397731,52,79,91,97,102,109,116,121
0.399065732399066,52,78,91,97,102,109,116,121
0.4004004004004,51,78,91,97,102,109,116,121
0.401735068401735,51,78,90,97,102,109,116,121
0.40306973640307,50,77,90,97,102,109,116,122
0.404404404404404,50,77,90,96,102,108,116,122
0.405739072405739,50,77,90,96,102,108,115,122
0.407073740407074,49,77,90,96,102,108,115,122
0.408408408408408,49,76,89,96,101,108,115,122
0.409743076409743,48,76,89,96,101,108,115,122
0.411077744411078,48,76,89,96,101,108,115,122
0.412412412412412,47,75,89,96,101,108,115,122
0.413747080413747,47,75,89,95,101,108,115,122
0.415081748415082,47,75,89,95,101,108,115,122
0.416416416416416,46,75,88,95,101,108,115,122
0.417751084417751,46,74,88,95,101,108,115,122
0.419085752419086,45,74,88,95,101,107,115,122
0.42042042042042,45,74,88,95,100,107,115,122
0.421755088421755,44,73,88,95,100,107,115,122
0.42308975642309,44,73,87,94,100,107,115,122
0.424424424424424,44,73,87,94,100,107,115,122
0.425759092425759,43,73,87,94,100,107,115,122
0.427093760427094,43,72,87,94,100,107,114,122
0.428428428428428,42,72,87,94,100,107,114,122
0.429763096429763,42,72,87,94,100,107,114,122
0.431097764431098,41,71,86,94,99,106,114,122
0.432432432432432,41,71,86,93,99,106,114,122
0.433767100433767,41,71,86,93,99,106,114,122
0.435101768435102,40,71,86,93,99,106,114,122
0.436436436436436,40,70,86,93,99,106,114,122
0.437771104437771,39,70,85,93,99,106,114,121
0.439105772439106,39,70,85,93,99,106,114,121
0.44044044044044,38,70,85,93,99,106,114,121
0.441775108441775,38,69,85,92,98,106,114,121
0.44310977644311,38,69,85,92,98,105,114,121
0.444444444444444,37,69,85,92,98,105,113,121
0.445779112445779,37,68,84,92,98,105,113,121
0.447113780447114,36,68,84,92,98,105,113,121
0.448448448448448,36,68,84,92,98,105,113,121
0.449783116449783,35,68,84,92,98,105,113,121
0.451117784451118,35,67,84,91,98,105,113,121
0.452452452452452,35,67,83,91,97,105,113,121
0.453787120453787,34,67,83,91,97,104,113,121
0.455121788455122,34,67,83,91,97,104,113,121
0.456456456456456,33,66,83,91,97,104,113,121
0.457791124457791,33,66,83,91,97,104,112,121
0.459125792459126,32,66,83,91,97,104,112,121
0.46046046046046,32,66,82,90,97,104,112,121
0.461795128461795,32,65,82,90,96,104,112,121
0.46312979646313,31,65,82,90,96,104,112,121
0.464464464464464,31,65,82,90,96,103,112,121
0.465799132465799,30,65,82,90,96,103,112,121
0.467133800467134,30,64,82,90,96,103,112,120
0.468468468468468,29,64,81,90,96,103,112,120
0.469803136469803,29,64,81,89,96,103,111,120
0.471137804471138,29,63,81,89,96,103,111,120
0.472472472472472,28,63,81,89,95,103,111,120
0.473807140473807,28,63,81,89,95,103,111,120
0.475141808475142,27,63,81,89,95,102,111,120
0.476476476476476,27,63,80,89,95,102,111,120
0.477811144477811,26,62,80,89,95,102,111,120
0.479145812479146,26,62,80,88,95,102,111,120
0.48048048048048,26,62,80,88,95,102,111,120
0.481815148481815,25,62,80,88,94,102,110,120
0.48314981648315,25,61,79,88,94,102,110,119
0.484484484484485,24,61,79,88,94,101,110,119
0.485819152485819,24,61,79,88,94,101,110,119
0.487153820487154,23,61,79,88,94,101,110,119
0.488488488488488,23,60,79,87,94,101,110,119
0.489823156489823,23,60,79,87,94,101,110,119
0.491157824491158,22,60,78,87,93,101,109,119
0.492492492492492,22,60,78,87,93,101,109,119
0.493827160493827,21,59,78,87,93,100,109,119
0.495161828495162,21,59,78,87,93,100,109,119
0.496496496496497,20,59,78,87,93,100,109,119
0.497831164497831,20,59,78,86,93,100,109,118
0.499165832499166,20,58,78,86,93,100,109,118
0.500500500500501,19,58,77,86,93,100,109,118
0.501835168501835,19,58,77,86,92,100,108,118
0.50316983650317,18,58,77,86,92,99,108,118
0.504504504504504,18,58,77,86,92,99,108,118
0.505839172505839,17,57,77,86,92,99,108,118
0.507173840507174,17,57,77,85,92,99,108,118
0.508508508508508,17,57,76,85,92,99,108,117
0.509843176509843,16,57,76,85,92,99,108,117
0.511177844511178,16,57,76,85,91,99,107,117
0.512512512512513,15,56,76,85,91,98,107,117
0.513847180513847,15,56,76,85,91,98,107,117
0.515181848515182,14,56,76,85,91,98,107,117
0.516516516516517,14,56,75,84,91,98,107,117
0.517851184517851,14,55,75,84,91,98,107,117
0.519185852519186,13,55,75,84,91,98,106,116
0.520520520520521,13,55,75,84,90,98,106,116
0.521855188521855,12,55,75,84,90,97,106,116
0.52318985652319,12,55,75,84,90,97,106,116
0.524524524524524,11,54,75,84,90,97,106,116
0.525859192525859,11,54,74,83,90,97,106,116
0.527193860527194,11,54,74,83,90,97,106,116
0.528528528528528,10,54,74,83,90,97,105,116
0.529863196529863,10,54,74,83,89,96,105,115
0.531197864531198,9,54,74,83,89,96,105,115
0.532532532532533,9,53,74,83,89,96,105,115
0.533867200533867,8,53,74,83,89,96,105,115
0.535201868535202,8,53,73,82,89,96,105,115
0.536536536536537,8,53,73,82,89,96,104,115
0.537871204537871,7,53,73,82,89,96,104,114
0.539205872539206,7,52,73,82,88,95,104,114
0.540540540540541,6,52,73,82,88,95,104,114
0.541875208541875,6,52,73,82,88,95,104,114
0.54320987654321,5,52,73,82,88,95,104,114
0.544544544544545,5,52,72,82,88,95,103,114
0.545879212545879,5,52,72,81,88,95,103,114
0.547213880547214,4,51,72,81,88,94,103,113
0.548548548548549,4,51,72,81,87,94,103,113
0.549883216549883,3,51,72,81,87,94,103,113
0.551217884551218,3,51,72,81,87,94,103,113
0.552552552552553,2,51,72,81,87,94,102,113
0.553887220553887,2,51,72,81,87,94,102,113
0.555221888555222,2,51,71,81,87,93,102,112
0.556556556556557,1,50,71,80,87,93,102,112
0.557891224557891,1,50,71,80,86,93,102,112
0.559225892559226,0,50,71,80,86,93,102,112
0.560560560560561,0,50,71,80,86,93,101,112
0.561895228561895,0,50,71,80,86,93,101,112
0.56322989656323,1,50,71,80,86,93,101,111
0.564564564564565,1,50,71,80,86,93,101,111
0.565899232565899,1,50,71,80,86,92,101,111
0.567233900567234,2,49,70,80,86,92,101,111
0.568568568568569,2,49,70,79,86,92,101,111
0.569903236569903,2,49,70,79,86,92,101,111
0.571237904571238,3,49,70,79,85,92,100,111
0.572572572572573,3,49,70,79,85,92,100,111
0.573907240573907,3,49,70,79,85,92,100,110
0.575241908575242,4,49,70,79,85,92,100,110
0.576576576576577,4,49,70,79,85,91,100,110
0.577911244577911,4,49,70,79,85,91,100,110
0.579245912579246,4,49,70,79,85,91,100,110
0.580580580580581,5,49,70,79,85,91,100,110
0.581915248581915,5,49,70,79,85,91,99,110
0.58324991658325,5,48,69,79,85,91,99,110
0.584584584584585,6,48,69,78,84,91,99,109
0.585919252585919,6,48,69,78,84,91,99,109
0.587253920587254,6,48,69,78,84,91,99,109
0.588588588588589,7,48,69,78,84,90,99,109
0.589923256589923,7,48,69,78,84,90,99,109
0.591257924591258,7,48,69,78,84,90,98,109
0.592592592592593,8,48,69,78,84,90,98,109
0.593927260593927,8,48,69,78,84,90,98,108
0.595261928595262,8,48,69,78,84,90,98,108
0.596596596596597,9,48,69,78,84,90,98,108
0.597931264597931,9,48,69,78,83,90,98,108
0.599265932599266,9,48,69,77,83,90,98,108
0.600600600600601,9,48,68,77,83,89,98,108
0.601935268601935,10,48,68,77,83,89,97,108
0.60326993660327,10,47,68,77,83,89,97,107
0.604604604604605,10,47,68,77,83,89,97,107
0.605939272605939,11,47,68,77,83,89,97,107
0.607273940607274,11,47,68,77,83,89,97,107
0.608608608608609,11,47,68,77,83,89,97,107
0.609943276609943,12,47,68,77,83,89,97,107
0.611277944611278,12,47,68,77,83,88,96,107
0.612612612612613,12,47,68,77,82,88,96,106
0.613947280613947,13,47,68,77,82,88,96,106
0.615281948615282,13,47,68,77,82,88,96,106
0.616616616616617,13,47,68,76,82,88,96,106
0.617951284617951,13,47,68,76,82,88,96,106
0.619285952619286,14,47,68,76,82,88,96,106
0.620620620620621,14,47,67,76,82,88,96,106
0.621955288621955,14,47,67,76,82,88,95,105
0.62328995662329,15,47,67,76,82,87,95,105
0.624624624624625,15,47,67,76,82,87,95,105
0.625959292625959,15,47,67,76,82,87,95,105
0.627293960627294,16,47,67,76,81,87,95,105
0.628628628628629,16,47,67,76,81,87,95,105
0.629963296629963,16,47,67,76,81,87,95,105
0.631297964631298,17,47,67,76,81,87,94,104
0.632632632632633,17,47,67,76,81,87,94,104
0.633967300633967,17,47,67,75,81,86,94,104
0.635301968635302,18,47,67,75,81,86,94,104
0.636636636636637,18,47,67,75,81,86,94,104
0.637971304637971,18,47,67,75,81,86,94,104
0.639305972639306,18,47,67,75,81,86,94,104
0.640640640640641,19,46,67,75,81,86,93,103
0.641975308641975,19,46,67,75,80,86,93,103
0.64330997664331,19,46,66,75,80,86,93,103
0.644644644644645,20,46,66,75,80,86,93,103
0.645979312645979,20,46,66,75,80,85,93,103
0.647313980647314,20,46,66,75,80,85,93,103
0.648648648648649,21,46,66,75,80,85,93,103
0.649983316649983,21,46,66,75,80,85,93,102
0.651317984651318,21,46,66,75,80,85,92,102
0.652652652652653,22,46,66,75,80,85,92,102
0.653987320653987,22,46,66,74,80,85,92,102
0.655321988655322,22,46,66,74,80,85,92,102
0.656656656656657,22,46,66,74,79,85,92,102
0.657991324657991,23,46,66,74,79,84,92,101
0.659325992659326,23,46,66,74,79,84,92,101
0.660660660660661,23,46,66,74,79,84,91,101
0.661995328661995,24,47,66,74,79,84,91,101
0.66332999666333,24,47,66,74,79,84,91,101
0.664664664664665,24,47,66,74,79,84,91,101
0.665999332665999,25,47,66,74,79,84,91,101
0.667334000667334,25,47,66,74,79,84,91,100
0.668668668668669,25,47,66,74,79,84,91,100
0.670003336670003,26,47,66,74,79,83,90,100
0.671338004671338,26,47,66,74,79,83,90,100
0.672672672672673,26,47,66,74,78,83,90,100
0.674007340674007,27,47,65,74,78,83,90,100
0.675342008675342,27,47,65,73,78,83,90,99
0.676676676676677,27,47,65,73,78,83,90,99
0.678011344678011,27,47,65,73,78,83,90,99
0.679346012679346,28,47,65,73,78,83,90,99
0.680680680680681,28,47,65,73,78,83,89,99
0.682015348682015,28,47,65,73,78,82,89,99
0.68335001668335,29,47,65,73,78,82,89,98
0.684684684684685,29,47,65,73,78,82,89,98
0.686019352686019,29,47,65,73,78,82,89,98
0.687354020687354,30,47,65,73,78,82,89,98
0.688688688688689,30,47,65,73,77,82,89,98
0.690023356690023,30,47,65,73,77,82,88,98
0.691358024691358,31,47,65,73,77,82,88,98
0.692692692692693,31,47,65,73,77,82,88,97
0.694027360694027,31,47,65,73,77,81,88,97
0.695362028695362,32,47,65,73,77,81,88,97
0.696696696696697,32,47,65,73,77,81,88,97
0.698031364698031,32,47,65,73,77,81,88,97
0.699366032699366,32,48,65,72,77,81,87,97
0.700700700700701,33,48,65,72,77,81,87,96
0.702035368702035,33,48,65,72,77,81,87,96
0.70337003670337,33,48,65,72,77,81,87,96
0.704704704704705,34,48,65,72,77,81,87,96
0.706039372706039,34,48,65,72,76,81,87,96
0.707374040707374,34,48,65,72,76,80,87,96
0.708708708708709,35,48,65,72,76,80,87,95
0.710043376710043,35,48,65,72,76,80,86,95
0.711378044711378,35,48,65,72,76,80,86,95
0.712712712712713,36,48,65,72,76,80,86,95
0.714047380714047,36,48,65,72,76,80,86,95
0.715382048715382,36,48,65,72,76,80,86,95
0.716716716716717,36,48,65,72,76,80,86,94
0.718051384718051,37,48,65,72,76,80,86,94
0.719386052719386,37,49,65,72,76,79,85,94
0.720720720720721,37,49,65,72,76,79,85,94
0.722055388722055,38,49,65,72,76,79,85,94
0.72339005672339,38,49,65,72,76,79,85,94
0.724724724724725,38,49,65,72,75,79,85,93
0.726059392726059,39,49,65,72,75,79,85,93
0.727394060727394,39,49,65,72,75,79,85,93
0.728728728728729,39,49,65,72,75,79,84,93
0.730063396730063,40,49,65,71,75,79,84,93
0.731398064731398,40,49,65,71,75,79,84,93
0.732732732732733,40,49,65,71,75,78,84,93
0.734067400734067,41,49,65,71,75,78,84,92
0.735402068735402,41,50,65,71,75,78,84,92
0.736736736736737,41,50,65,71,75,78,84,92
0.738071404738071,41,50,65,71,75,78,84,92
0.739406072739406,42,50,65,71,75,78,83,92
0.740740740740741,42,50,65,71,75,78,83,92
0.742075408742075,42,50,65,71,75,78,83,91
0.74341007674341,43,50,65,71,75,78,83,91
0.744744744744745,43,50,65,71,75,78,83,91
0.746079412746079,43,50,65,71,74,77,83,91
0.747414080747414,44,50,65,71,74,77,83,91
0.748748748748749,44,51,65,71,74,77,82,91
0.750083416750083,44,51,65,71,74,77,82,90
0.751418084751418,45,51,65,71,74,77,82,90
0.752752752752753,45,51,65,71,74,77,82,90
0.754087420754087,45,51,65,71,74,77,82,90
0.755422088755422,45,51,65,71,74,77,82,90
0.756756756756757,46,51,65,71,74,77,82,90
0.758091424758091,46,51,65,71,74,77,82,89
0.759426092759426,46,51,65,71,74,77,81,89
0.760760760760761,47,52,65,71,74,76,81,89
0.762095428762095,47,52,65,71,74,76,81,89
0.76343009676343,47,52,65,71,74,76,81,89
0.764764764764765,48,52,65,71,74,76,81,89
0.766099432766099,48,52,65,71,74,76,81,88
0.767434100767434,48,52,65,71,74,76,81,88
0.768768768768769,49,52,65,71,73,76,80,88
0.770103436770103,49,52,65,71,73,76,80,88
0.771438104771438,49,53,65,71,73,76,80,88
0.772772772772773,50,53,65,71,73,76,80,88
0.774107440774107,50,53,65,71,73,76,80,87
0.775442108775442,50,53,65,71,73,75,80,87
0.776776776776777,50,53,65,71,73,75,80,87
0.778111444778111,51,53,65,71,73,75,80,87
0.779446112779446,51,53,65,70,73,75,79,87
0.780780780780781,51,54,65,70,73,75,79,87
0.782115448782115,52,54,65,70,73,75,79,86
0.78345011678345,52,54,65,70,73,75,79,86
0.784784784784785,52,54,65,70,73,75,79,86
0.786119452786119,53,54,65,70,73,75,79,86
0.787454120787454,53,54,65,70,73,75,79,86
0.788788788788789,53,54,65,70,73,75,79,86
0.790123456790123,54,54,66,70,73,74,78,86
0.791458124791458,54,55,66,70,73,74,78,85
0.792792792792793,54,55,66,70,73,74,78,85
0.794127460794127,54,55,66,70,73,74,78,85
0.795462128795462,55,55,66,70,73,74,78,85
0.796796796796797,55,55,66,70,72,74,78,85
0.798131464798131,55,55,66,70,72,74,78,85
0.799466132799466,56,55,66,70,72,74,78,84
0.800800800800801,56,56,66,70,72,74,77,84
0.802135468802135,56,56,66,70,72,74,77,84
0.80347013680347,57,56,66,70,72,74,77,84
0.804804804804805,57,56,66,70,72,74,77,84
0.806139472806139,57,56,66,70,72,73,77,84
0.807474140807474,58,56,66,70,72,73,77,83
0.808808808808809,58,57,66,70,72,73,77,83
0.810143476810143,58,57,66,70,72,73,77,83
0.811478144811478,59,57,66,70,72,73,76,83
0.812812812812813,59,57,66,70,72,73,76,83
0.814147480814147,59,57,66,70,72,73,76,83
0.815482148815482,59,57,66,70,72,73,76,82
0.816816816816817,60,57,66,70,72,73,76,82
0.818151484818151,60,58,66,70,72,73,76,82
0.819486152819486,60,58,66,70,72,73,76,82
0.820820820820821,61,58,66,70,72,73,76,82
0.822155488822155,61,58,67,70,72,73,76,82
0.82349015682349,61,58,67,70,72,72,75,82
0.824824824824825,62,58,67,70,72,72,75,81
0.826159492826159,62,59,67,70,72,72,75,81
0.827494160827494,62,59,67,70,72,72,75,81
0.828828828828829,63,59,67,70,72,72,75,81
0.830163496830163,63,59,67,70,72,72,75,81
0.831498164831498,63,59,67,70,72,72,75,81
0.832832832832833,64,59,67,70,72,72,75,80
0.834167500834167,64,60,67,70,72,72,74,80
0.835502168835502,64,60,67,70,71,72,74,80
0.836836836836837,64,60,67,70,71,72,74,80
0.838171504838171,65,60,67,70,71,72,74,80
0.839506172839506,65,60,67,70,71,72,74,80
0.840840840840841,65,60,67,70,71,72,74,79
0.842175508842175,66,61,67,70,71,72,74,79
0.84351017684351,66,61,67,70,71,71,74,79
0.844844844844845,66,61,68,70,71,71,74,79
0.846179512846179,67,61,68,70,71,71,73,79
0.847514180847514,67,61,68,70,71,71,73,79
0.848848848848849,67,61,68,70,71,71,73,79
0.850183516850183,68,62,68,70,71,71,73,78
0.851518184851518,68,62,68,71,71,71,73,78
0.852852852852853,68,62,68,71,71,71,73,78
0.854187520854187,68,62,68,71,71,71,73,78
0.855522188855522,69,62,68,71,71,71,73,78
0.856856856856857,69,63,68,71,71,71,73,78
0.858191524858192,69,63,68,71,71,71,73,77
0.859526192859526,70,63,68,71,71,71,72,77
0.860860860860861,70,63,68,71,71,71,72,77
0.862195528862195,70,63,68,71,71,71,72,77
0.86353019686353,71,63,68,71,71,71,72,77
0.864864864864865,71,64,69,71,71,71,72,77
0.866199532866199,71,64,69,71,71,70,72,77
0.867534200867534,72,64,69,71,71,70,72,76
0.868868868868869,72,64,69,71,71,70,72,76
0.870203536870203,72,64,69,71,71,70,72,76
0.871538204871538,73,65,69,71,71,70,71,76
0.872872872872873,73,65,69,71,71,70,71,76
0.874207540874207,73,65,69,71,71,70,71,76
0.875542208875542,73,65,69,71,71,70,71,76
0.876876876876877,74,65,69,71,71,70,71,75
0.878211544878212,74,65,69,71,71,70,71,75
0.879546212879546,74,66,69,71,71,70,71,75
0.880880880880881,75,66,69,71,71,70,71,75
0.882215548882215,75,66,70,71,71,70,71,75
0.88355021688355,75,66,70,71,71,70,71,75
0.884884884884885,76,66,70,71,71,70,70,74
0.886219552886219,76,67,70,71,71,70,70,74
0.887554220887554,76,67,70,71,71,70,70,74
0.888888888888889,77,67,70,71,71,70,70,74
0.890223556890223,77,67,70,71,71,70,70,74
0.891558224891558,77,67,70,71,71,70,70,74
0.892892892892893,77,68,70,71,71,69,70,74
0.894227560894228,78,68,70,71,71,69,70,73
0.895562228895562,78,68,70,71,71,69,70,73
0.896896896896897,78,68,70,71,71,69,70,73
0.898231564898232,79,68,71,71,71,69,70,73
0.899566232899566,79,69,71,71,71,69,69,73
0.900900900900901,79,69,71,72,71,69,69,73
0.902235568902235,80,69,71,72,71,69,69,73
0.90357023690357,80,69,71,72,71,69,69,72
0.904904904904905,80,69,71,72,71,69,69,72
0.906239572906239,81,70,71,72,71,69,69,72
0.907574240907574,81,70,71,72,71,69,69,72
0.908908908908909,81,70,71,72,71,69,69,72
0.910243576910243,82,70,71,72,71,69,69,72
0.911578244911578,82,70,71,72,71,69,69,72
0.912912912912913,82,71,72,72,71,69,69,72
0.914247580914248,82,71,72,72,71,69,69,71
0.915582248915582,83,71,72,72,71,69,68,71
0.916916916916917,83,71,72,72,71,69,68,71
0.918251584918252,83,71,72,72,71,69,68,71
0.919586252919586,84,72,72,72,71,69,68,71
0.920920920920921,84,72,72,72,71,69,68,71
0.922255588922256,84,72,72,72,71,69,68,71
0.92359025692359,85,72,72,72,71,69,68,70
0.924924924924925,85,72,72,72,71,69,68,70
0.926259592926259,85,73,73,72,71,69,68,70
0.927594260927594,86,73,73,72,71,69,68,70
0.928928928928929,86,73,73,72,71,69,68,70
0.930263596930264,86,73,73,72,71,69,68,70
0.931598264931598,86,73,73,73,71,68,67,70
0.932932932932933,87,74,73,73,71,68,67,70
0.934267600934268,87,74,73,73,71,68,67,69
0.935602268935602,87,74,73,73,71,68,67,69
0.936936936936937,88,74,73,73,71,68,67,69
0.938271604938272,88,74,73,73,71,68,67,69
0.939606272939606,88,75,74,73,71,68,67,69
0.940940940940941,89,75,74,73,71,68,67,69
0.942275608942276,89,75,74,73,71,68,67,69
0.94361027694361,89,75,74,73,71,68,67,68
0.944944944944945,90,75,74,73,71,68,67,68
0.946279612946279,90,76,74,73,71,68,67,68
0.947614280947614,90,76,74,73,71,68,67,68
0.948948948948949,91,76,74,73,71,68,67,68
0.950283616950284,91,76,74,73,71,68,67,68
0.951618284951618,91,76,74,73,71,68,66,68
0.952952952952953,91,77,75,73,71,68,66,68
0.954287620954288,92,77,75,73,71,68,66,68
0.955622288955622,92,77,75,74,71,68,66,67
0.956956956956957,92,77,75,74,71,68,66,67
0.958291624958292,93,77,75,74,71,68,66,67
0.959626292959626,93,78,75,74,71,68,66,67
0.960960960960961,93,78,75,74,72,68,66,67
0.962295628962296,94,78,75,74,72,68,66,67
0.96363029696363,94,78,75,74,72,68,66,67
0.964964964964965,94,79,76,74,72,68,66,67
0.9662996329663,95,79,76,74,72,68,66,66
0.967634300967634,95,79,76,74,72,68,66,66
0.968968968968969,95,79,76,74,72,68,66,66
0.970303636970304,96,79,76,74,72,68,66,66
0.971638304971638,96,80,76,74,72,68,66,66
0.972972972972973,96,80,76,74,72,68,66,66
0.974307640974308,96,80,76,74,72,68,65,66
0.975642308975642,97,80,76,74,72,68,65,66
0.976976976976977,97,80,77,75,72,68,65,66
0.978311644978312,97,81,77,75,72,68,65,65
0.979646312979646,98,81,77,75,72,68,65,65
0.980980980980981,98,81,77,75,72,68,65,65
0.982315648982316,98,81,77,75,72,68,65,65
0.98365031698365,99,81,77,75,72,68,65,65
0.984984984984985,99,82,77,75,72,68,65,65
0.98631965298632,99,82,77,75,72,68,65,65
0.987654320987654,100,82,78,75,72,68,65,65
0.988988988988989,100,82,78,75,72,68,65,65
0.990323656990324,100,83,78,75,72,68,65,64
0.991658324991658,100,83,78,75,72,68,65,64
0.992992992992993,101,83,78,75,72,68,65,64
0.994327660994328,101,83,78,75,72,68,65,64
0.995662328995662,101,83,78,76,72,68,65,64
0.996996996996997,102,84,78,76,72,68,65,64
0.998331664998332,102,84,78,76,72,68,65,64
0.999666332999666,102,84,79,76,73,68,65,64
1.001001001001,103,84,79,76,73,68,65,64
1.00233566900234,103,84,79,76,73,68,65,64
1.00367033700367,103,85,79,76,73,68,64,63
1.00500500500501,104,85,79,76,73,68,64,63
1.00633967300634,104,85,79,76,73,68,64,63
1.00767434100767,104,85,79,76,73,68,64,63
1.00900900900901,105,85,79,76,73,68,64,63
1.01034367701034,105,86,80,76,73,68,64,63
1.01167834501168,105,86,80,76,73,68,64,63
1.01301301301301,105,86,80,76,73,68,64,63
1.01434768101435,106,86,80,77,73,68,64,63
1.01568234901568,106,87,80,77,73,68,64,63
1.01701701701702,106,87,80,77,73,68,64,63
1.01835168501835,107,87,80,77,73,68,64,62
1.01968635301969,107,87,80,77,73,68,64,62
1.02102102102102,107,87,81,77,73,68,64,62
1.02235568902236,108,88,81,77,73,68,64,62
1.02369035702369,108,88,81,77,73,68,64,62
1.02502502502503,108,88,81,77,73,68,64,62
1.02635969302636,109,88,81,77,73,68,64,62
1.02769436102769,109,88,81,77,74,68,64,62
1.02902902902903,109,89,81,77,74,68,64,62
1.03036369703036,109,89,81,78,74,69,64,62
1.0316983650317,110,89,82,78,74,69,64,62
1.03303303303303,110,89,82,78,74,69,64,62
1.03436770103437,110,90,82,78,74,69,64,61
1.0357023690357,111,90,82,78,74,69,64,61
1.03703703703704,111,90,82,78,74,69,64,61
1.03837170503837,111,90,82,78,74,69,64,61
1.03970637303971,112,90,82,78,74,69,64,61
1.04104104104104,112,91,82,78,74,69,64,61
1.04237570904238,112,91,83,78,74,69,64,61
1.04371037704371,113,91,83,78,74,69,64,61
1.04504504504505,113,91,83,78,74,69,64,61
1.04637971304638,113,91,83,79,74,69,64,61
1.04771438104771,114,92,83,79,74,69,64,61
1.04904904904905,114,92,83,79,74,69,64,61
1.05038371705038,114,92,83,79,75,69,64,61
1.05171838505172,114,92,83,79,75,69,64,61
1.05305305305305,115,93,84,79,75,69,64,60
1.05438772105439,115,93,84,79,75,69,64,60
1.05572238905572,115,93,84,79,75,69,64,60
1.05705705705706,116,93,84,79,75,69,64,60
1.05839172505839,116,93,84,79,75,69,64,60
1.05972639305973,116,94,84,79,75,69,64,60
1.06106106106106,117,94,84,80,75,69,64,60
1.0623957290624,117,94,84,80,75,69,64,60
1.06373039706373,117,94,85,80,75,69,64,60
1.06506506506507,118,94,85,80,75,69,64,60
1.0663997330664,118,95,85,80,75,69,64,60
1.06773440106773,118,95,85,80,75,69,64,60
1.06906906906907,118,95,85,80,75,70,64,60
1.0704037370704,119,95,85,80,75,70,64,60
1.07173840507174,119,96,85,80,76,70,64,60
1.07307307307307,119,96,86,80,76,70,64,60
1.07440774107441,120,96,86,80,76,70,64,60
1.07574240907574,120,96,86,81,76,70,64,60
1.07707707707708,120,96,86,81,76,70,64,59
1.07841174507841,121,97,86,81,76,70,64,59
1.07974641307975,121,97,86,81,76,70,64,59
1.08108108108108,121,97,86,81,76,70,64,59
1.08241574908242,122,97,86,81,76,70,64,59
1.08375041708375,122,97,87,81,76,70,64,59
1.08508508508509,122,98,87,81,76,70,64,59
1.08641975308642,123,98,87,81,76,70,64,59
1.08775442108775,123,98,87,81,76,70,64,59
1.08908908908909,123,98,87,81,76,70,64,59
1.09042375709042,123,98,87,82,77,70,64,59
1.09175842509176,124,99,87,82,77,70,64,59
1.09309309309309,124,99,87,82,77,70,64,59
1.09442776109443,124,99,88,82,77,70,64,59
1.09576242909576,125,99,88,82,77,71,64,59
1.0970970970971,125,100,88,82,77,71,64,59
1.09843176509843,125,100,88,82,77,71,64,59
1.09976643309977,126,100,88,82,77,71,64,59
1.1011011011011,126,100,88,82,77,71,64,59
1.10243576910244,126,100,88,82,77,71,64,59
1.10377043710377,127,101,89,83,77,71,64,59
1.10510510510511,127,101,89,83,77,71,64,59
1.10643977310644,127,101,89,83,77,71,64,59
1.10777444110777,127,101,89,83,78,71,64,59
1.10910910910911,128,101,89,83,78,71,64,59
1.11044377711044,128,102,89,83,78,71,64,59
1.11177844511178,128,102,89,83,78,71,64,59
1.11311311311311,129,102,89,83,78,71,64,59
1.11444778111445,129,102,90,83,78,71,64,59
1.11578244911578,129,102,90,83,78,71,64,59
1.11711711711712,130,103,90,84,78,71,64,58
1.11845178511845,130,103,90,84,78,72,64,58
1.11978645311979,130,103,90,84,78,72,65,58
1.12112112112112,131,103,90,84,78,72,65,58
1.12245578912246,131,104,90,84,78,72,65,58
1.12379045712379,131,104,91,84,79,72,65,58
1.12512512512513,132,104,91,84,79,72,65,58
1.12645979312646,132,104,91,84,79,72,65,58
1.12779446112779,132,104,91,84,79,72,65,58
1.12912912912913,132,105,91,84,79,72,65,58
1.13046379713046,133,105,91,85,79,72,65,58
1.1317984651318,133,105,91,85,79,72,65,58
1.13313313313313,133,105,91,85,79,72,65,58
1.13446780113447,134,105,92,85,79,72,65,58
1.1358024691358,134,106,92,85,79,72,65,58
1.13713713713714,134,106,92,85,79,73,65,58
1.13847180513847,135,106,92,85,79,73,65,58
1.13980647313981,135,106,92,85,80,73,65,58
1.14114114114114,135,106,92,85,80,73,65,58
1.14247580914248,136,107,92,85,80,73,65,58
1.14381047714381,136,107,93,86,80,73,65,58
1.14514514514515,136,107,93,86,80,73,65,58
1.14647981314648,137,107,93,86,80,73,65,58
1.14781448114781,137,107,93,86,80,73,65,58
1.14914914914915,137,108,93,86,80,73,65,58
1.15048381715048,137,108,93,86,80,73,66,58
1.15181848515182,138,108,93,86,80,73,66,58
1.15315315315315,138,108,93,86,80,73,66,58
1.15448782115449,138,108,94,86,80,73,66,58
1.15582248915582,139,109,94,86,81,74,66,58
1.15715715715716,139,109,94,87,81,74,66,58
1.15849182515849,139,109,94,87,81,74,66,58
1.15982649315983,140,109,94,87,81,74,66,58
1.16116116116116,140,109,94,87,81,74,66,58
1.1624958291625,140,110,94,87,81,74,66,58
1.16383049716383,141,110,94,87,81,74,66,59
1.16516516516517,141,110,95,87,81,74,66,59
1.1664998331665,141,110,95,87,81,74,66,59
1.16783450116783,141,110,95,87,81,74,66,59
1.16916916916917,142,111,95,87,81,74,66,59
1.1705038371705,142,111,95,88,82,74,66,59
1.17183850517184,142,111,95,88,82,75,66,59
1.17317317317317,143,111,95,88,82,75,67,59
1.17450784117451,143,111,96,88,82,75,67,59
1.17584250917584,143,112,96,88,82,75,67,59
1.17717717717718,144,112,96,88,82,75,67,59
1.17851184517851,144,112,96,88,82,75,67,59
1.17984651317985,144,112,96,88,82,75,67,59
1.18118118118118,145,112,96,88,82,75,67,59
1.18251584918252,145,113,96,89,82,75,67,59
1.18385051718385,145,113,96,89,83,75,67,59
1.18518518518519,146,113,97,89,83,75,67,59
1.18651985318652,146,113,97,89,83,76,67,59
1.18785452118785,146,113,97,89,83,76,67,59
1.18918918918919,146,114,97,89,83,76,67,59
1.19052385719052,147,114,97,89,83,76,67,59
1.19185852519186,147,114,97,89,83,76,68,59
1.19319319319319,147,114,97,89,83,76,68,59
1.19452786119453,148,114,97,89,83,76,68,59
1.19586252919586,148,114,98,90,83,76,68,59
1.1971971971972,148,115,98,90,83,76,68,59
1.19853186519853,149,115,98,90,84,76,68,59
1.19986653319987,149,115,98,90,84,76,68,59
1.2012012012012,149,115,98,90,84,77,68,59
1.20253586920254,150,115,98,90,84,77,68,59
1.20387053720387,150,116,98,90,84,77,68,60
1.20520520520521,150,116,98,90,84,77,68,60
1.20653987320654,150,116,99,90,84,77,68,60
1.20787454120787,151,116,99,91,84,77,68,60
1.20920920920921,151,116,99,91,84,77,69,60
1.21054387721054,151,116,99,91,84,77,69,60
1.21187854521188,152,117,99,91,85,77,69,60
1.21321321321321,152,117,99,91,85,77,69,60
1.21454788121455,152,117,99,91,85,77,69,60
1.21588254921588,153,117,99,91,85,78,69,60
1.21721721721722,153,117,100,91,85,78,69,60
1.21855188521855,153,118,100,91,85,78,69,60
1.21988655321989,154,118,100,91,85,78,69,60
1.22122122122122,154,118,100,92,85,78,69,60
1.22255588922256,154,118,100,92,85,78,69,60
1.22389055722389,155,118,100,92,85,78,70,60
1.22522522522523,155,118,100,92,86,78,70,60
1.22655989322656,155,119,100,92,86,78,70,60
1.22789456122789,155,119,101,92,86,78,70,61
1.22922922922923,156,119,101,92,86,79,70,61
1.23056389723056,156,119,101,92,86,79,70,61
1.2318985652319,156,119,101,92,86,79,70,61
1.23323323323323,157,120,101,93,86,79,70,61
1.23456790123457,157,120,101,93,86,79,70,61
1.2359025692359,157,120,101,93,86,79,70,61
1.23723723723724,158,120,101,93,86,79,70,61
1.23857190523857,158,120,102,93,87,79,71,61
1.23990657323991,158,120,102,93,87,79,71,61
1.24124124124124,159,121,102,93,87,79,71,61
1.24257590924258,159,121,102,93,87,80,71,61
1.24391057724391,159,121,102,93,87,80,71,61
1.24524524524525,159,121,102,93,87,80,71,61
1.24657991324658,160,121,102,94,87,80,71,62
1.24791458124791,160,121,102,94,87,80,71,62
1.24924924924925,160,122,102,94,87,80,71,62
1.25058391725058,161,122,103,94,87,80,71,62
1.25191858525192,161,122,103,94,88,80,72,62
1.25325325325325,161,122,103,94,88,80,72,62
1.25458792125459,162,122,103,94,88,81,72,62
1.25592258925592,162,122,103,94,88,81,72,62
1.25725725725726,162,122,103,94,88,81,72,62
1.25859192525859,163,123,103,94,88,81,72,62
1.25992659325993,163,123,103,95,88,81,72,62
1.26126126126126,163,123,104,95,88,81,72,62
1.2625959292626,164,123,104,95,88,81,72,63
1.26393059726393,164,123,104,95,88,81,72,63
1.26526526526527,164,123,104,95,89,81,73,63
1.2665999332666,164,124,104,95,89,81,73,63
1.26793460126793,165,124,104,95,89,82,73,63
1.26926926926927,165,124,104,95,89,82,73,63
1.2706039372706,165,124,104,95,89,82,73,63
1.27193860527194,166,124,104,95,89,82,73,63
1.27327327327327,166,124,105,96,89,82,73,63
1.27460794127461,166,124,105,96,89,82,73,63
1.27594260927594,167,125,105,96,89,82,73,63
1.27727727727728,167,125,105,96,89,82,74,64
1.27861194527861,167,125,105,96,90,82,74,64
1.27994661327995,168,125,105,96,90,83,74,64
1.28128128128128,168,125,105,96,90,83,74,64
1.28261594928262,168,125,105,96,90,83,74,64
1.28395061728395,169,125,105,96,90,83,74,64
1.28528528528529,169,126,106,96,90,83,74,64
1.28661995328662,169,126,106,97,90,83,74,64
1.28795462128795,169,126,106,97,90,83,74,64
1.28928928928929,170,126,106,97,90,83,75,64
1.29062395729062,170,126,106,97,90,83,75,65
1.29195862529196,170,126,106,97,91,84,75,65
1.29329329329329,171,126,106,97,91,84,75,65
1.29462796129463,171,127,106,97,91,84,75,65
1.29596262929596,171,127,106,97,91,84,75,65
1.2972972972973,172,127,106,97,91,84,75,65
1.29863196529863,172,127,107,97,91,84,75,65
1.29996663329997,172,127,107,98,91,84,75,65
1.3013013013013,173,127,107,98,91,84,76,65
1.30263596930264,173,127,107,98,91,84,76,66
1.30397063730397,173,128,107,98,92,85,76,66
1.30530530530531,173,128,107,98,92,85,76,66
1.30663997330664,174,128,107,98,92,85,76,66
1.30797464130797,174,128,107,98,92,85,76,66
1.30930930930931,174,128,107,98,92,85,76,66
1.31064397731064,175,128,107,98,92,85,76,66
1.31197864531198,175,128,108,98,92,85,77,66
1.31331331331331,175,128,108,99,92,85,77,66
1.31464798131465,176,128,108,99,92,85,77,67
1.31598264931598,176,129,108,99,92,86,77,67
1.31731731731732,176,129,108,99,93,86,77,67
1.31865198531865,177,129,108,99,93,86,77,67
1.31998665331999,177,129,108,99,93,86,77,67
1.32132132132132,177,129,108,99,93,86,77,67
1.32265598932266,178,129,108,99,93,86,78,67
1.32399065732399,178,129,108,99,93,86,78,67
1.32532532532533,178,129,109,99,93,86,78,67
1.32665999332666,178,129,109,99,93,87,78,68
1.32799466132799,179,130,109,100,93,87,78,68
1.32932932932933,179,130,109,100,93,87,78,68
1.33066399733066,179,130,109,100,94,87,78,68
1.331998665332,180,130,109,100,94,87,78,68
1.33333333333333,180,130,109,100,94,87,79,68
